Forum,LiczbaOdpowiedzi
3dprinting,144
3dprinting.meta,7
academia,100
academia.meta,27
ai,40
ai.meta,2
android,2918
android.meta,35
anime,287
anime.meta,45
apple,5745
apple.meta,32
arduino,686
arduino.meta,6
askubuntu,19217
askubuntu.meta,124
astronomy,65
astronomy.meta,6
augur,15
aviation,138
aviation.meta,14
avp,259
avp.meta,7
beer,18
beer.meta,3
bicycles,351
bicycles.meta,6
bioinformatics,109
bioinformatics.meta,2
biology,313
biology.meta,22
bitcoin,617
bitcoin.meta,21
blender,1747
blender.meta,10
boardgames,320
boardgames.meta,18
bricks,70
bricks.meta,12
buddhism,45
buddhism.meta,8
chemistry,275
chemistry.meta,39
chess,60
chess.meta,10
chinese,58
chinese.meta,12
christianity,197
christianity.meta,21
civicrm,638
civicrm.meta,2
codegolf,45
codegolf.meta,43
codereview,547
codereview.meta,47
coffee,15
coffee.meta,3
cogsci,139
cogsci.meta,26
computergraphics,108
computergraphics.meta,3
conlang,6
conlang.meta,1
cooking,232
cooking.meta,13
craftcms,914
craftcms.meta,3
crafts,25
crypto,228
crypto.meta,24
cs,474
cs.meta,12
cseducators,4
cseducators.meta,2
cstheory,235
cstheory.meta,13
datascience,278
datascience.meta,2
dba,3269
dba.meta,23
devops,187
devops.meta,3
diy,916
diy.meta,8
drupal,6871
drupal.meta,43
dsp,306
dsp.meta,11
earthscience,47
earthscience.meta,8
ebooks,54
ebooks.meta,4
economics,92
economics.meta,6
electronics,2170
electronics.meta,16
elementaryos,413
elementaryos.meta,2
ell,100
ell.meta,18
emacs,1208
emacs.meta,5
engineering,102
engineering.meta,3
english,466
english.meta,47
eosio,70
esperanto,6
ethereum,1005
ethereum.meta,13
expatriates,125
expatriates.meta,6
expressionengine,1113
expressionengine.meta,8
fitness,66
fitness.meta,10
freelancing,12
freelancing.meta,5
french,49
french.meta,10
gamedev,2591
gamedev.meta,43
gaming,5418
gaming.meta,101
gardening,182
gardening.meta,20
genealogy,72
genealogy.meta,11
german,41
german.meta,33
gis,6209
gis.meta,38
graphicdesign,672
graphicdesign.meta,32
ham,80
ham.meta,12
hardwarerecs,94
hardwarerecs.meta,4
health,55
health.meta,4
hermeneutics,121
hermeneutics.meta,17
hinduism,285
hinduism.meta,14
history,130
history.meta,11
homebrew,77
homebrew.meta,6
hsm,28
hsm.meta,1
interpersonal,12
interpersonal.meta,4
iot,62
iot.meta,3
iota,23
islam,70
islam.meta,15
italian,14
italian.meta,8
japanese,94
japanese.meta,30
joomla,500
joomla.meta,3
judaism,546
judaism.meta,41
korean,15
languagelearning,9
languagelearning.meta,1
latin,38
latin.meta,7
law,82
law.meta,3
lifehacks,77
lifehacks.meta,9
linguistics,61
linguistics.meta,31
literature,109
literature.meta,24
magento,5855
magento.meta,21
martialarts,24
martialarts.meta,14
math,10655
math.meta,90
matheducators,10
matheducators.meta,5
mathematica,1485
mathematica.meta,16
mathoverflow,1626
mathoverflow.meta,15
mechanics,701
mechanics.meta,12
moderators,1
moderators.meta,6
monero,143
money,287
money.meta,16
movies,268
movies.meta,98
music,184
music.meta,15
musicfans,92
musicfans.meta,2
mythology,27
mythology.meta,5
networkengineering,651
networkengineering.meta,17
opendata,123
opendata.meta,8
opensource,32
opensource.meta,5
outdoors,211
outdoors.meta,12
parenting,45
parenting.meta,11
patents,16
patents.meta,2
pets,151
pets.meta,23
philosophy,78
philosophy.meta,15
photo,445
photo.meta,25
physics,1304
physics.meta,21
pm,47
pm.meta,12
poker,35
poker.meta,8
politics,87
politics.meta,19
portuguese,19
portuguese.meta,2
productivity,32
productivity.meta,11
puzzling,184
puzzling.meta,38
quant,175
quant.meta,11
quantumcomputing,20
quantumcomputing.meta,1
raspberrypi,1736
raspberrypi.meta,12
retrocomputing,80
retrocomputing.meta,4
reverseengineering,210
reverseengineering.meta,15
robotics,133
robotics.meta,10
rpg,487
rpg.meta,32
rus,113
rus.meta,2
russian,19
russian.meta,13
salesforce,4334
salesforce.meta,29
scicomp,171
scicomp.meta,6
scifi,1088
scifi.meta,53
security,674
security.meta,17
serverfault,20396
serverfault.meta,41
sharepoint,6108
sharepoint.meta,11
sitecore,554
sitecore.meta,2
skeptics,163
skeptics.meta,26
softwareengineering,542
softwareengineering.meta,43
softwarerecs,694
softwarerecs.meta,20
sound,111
sound.meta,4
space,165
space.meta,19
spanish,97
spanish.meta,25
sports,104
sports.meta,14
sqa,325
sqa.meta,10
stackapps,56
stackexchange.meta,1275
startups,27
startups.meta,3
stats,1970
stats.meta,79
stellar,35
stellar.meta,1
superuser,25298
superuser.meta,109
sustainability,26
sustainability.meta,15
tex,5125
tex.meta,76
tor,109
tor.meta,6
travel,928
travel.meta,33
tridion,511
tridion.meta,8
ukrainian,23
ukrainian.meta,3
unix,8754
unix.meta,27
ux,194
ux.meta,15
vegetarianism,22
vegetarianism.meta,9
vi,417
vi.meta,1
webapps,1261
webapps.meta,44
webmasters,841
webmasters.meta,6
windowsphone,188
windowsphone.meta,11
woodworking,43
woodworking.meta,1
wordpress,6105
wordpress.meta,8
workplace,32
workplace.meta,38
worldbuilding,45
worldbuilding.meta,48
writers,29
writers.meta,19
